{
  "name": "lab2",
  "private": true,
  "version": "0.0.0",
  "type": "module",
  "scripts": {
    "dev": "vite",
    "build": "tsc -b && vite build",
    "lint": "eslint .",
    "preview": "vite preview"
  },
  "dependencies": {
    "@radix-ui/react-avatar": "^1.1.2",
    "@radix-ui/react-dialog": "^1.1.4",
    "@radix-ui/react-separator": "^1.1.1",
    "@radix-ui/react-slot": "^1.1.1",
    "@radix-ui/react-tooltip": "^1.1.6",
    "class-variance-authority": "^0.7.1",
    "clsx": "^2.1.1",
    "iso8601-duration": "^2.1.2",
    "lucide-react": "^0.471.1",
    "moment": "^2.30.1",
    "react": "^18.3.1",
    "react-dom": "^18.3.1",
    "react-router-dom": "^7.1.1",
    "tailwind-merge": "^2.6.0",
    "tailwindcss-animate": "^1.0.7",
    "usehooks-ts": "^3.1.0"
  },
  "devDependencies": {
    "@eslint/js": "^9.17.0",
    "@types/node": "^22.10.6",
    "@types/react": "^18.3.18",
    "@types/react-dom": "^18.3.5",
    "@vitejs/plugin-react": "^4.3.4",
    "autoprefixer": "^10.4.20",
    "eslint": "^9.17.0",
    "eslint-plugin-react-hooks": "^5.0.0",
    "eslint-plugin-react-refresh": "^0.4.16",
    "globals": "^15.14.0",
    "postcss": "^8.5.0",
    "prettier": "^3.4.2",
    "prettier-plugin-tailwindcss": "^0.6.9",
    "tailwindcss": "^3.4.17",
    "typescript": "~5.6.2",
    "typescript-eslint": "^8.18.2",
    "vite": "^6.0.5"
  }
}
